id;intitule;date_debut;date_fin
1;Administrator holistic engine;2023-11-05T07:50:31;2023-11-05T08:16:43
2;Dynamic Massachusetts;2023-11-05T04:47:16;2023-11-05T13:59:06
3;compress Licensed;2023-11-05T08:05:17;2023-11-05T17:19:56
4;Rubber De-engineered;2023-11-04T23:49:54;2023-11-05T10:05:08
5;online Chips panel;2023-11-05T08:58:07;2023-11-04T22:16:23
6;Plastic Handmade;2023-11-04T23:18:40;2023-11-05T03:31:01
7;Haiti payment;2023-11-05T07:51:09;2023-11-05T11:48:46
8;Cayman Awesome e-enable;2023-11-05T00:40:02;2023-11-05T10:15:22
9;optimize;2023-11-05T16:03:30;2023-11-05T01:18:27
10;Lodge;2023-11-05T14:12:49;2023-11-05T08:49:31
